id;title;description;created_at;start_date;end_date
1;Tasty Plastic Tuna cross-platform connect;Concrete portals;2020-09-09T12:31:39;2020-09-09T19:47:14;2020-09-09T14:49:26
2;payment Cambridgeshire deposit;Awesome back-end generating;2020-09-09T15:11:10;2020-09-09T18:28:37;2020-09-10T03:17:22
3;Mouse Bedfordshire Oval;Estonia Tools;2020-09-10T04:00:31;2020-09-10T05:37:25;2020-09-09T21:10:34
4;stable strategic;Personal Loan Account contingency Human;2020-09-10T07:42:05;2020-09-10T10:48:07;2020-09-09T15:51:02
5;radical Sports;Bedfordshire Accounts Frozen;2020-09-10T01:52:37;2020-09-10T02:57:47;2020-09-09T21:12:04
6;Handmade Metal Towels;Legacy Auto Loan Account;2020-09-10T05:16:31;2020-09-10T05:02:44;2020-09-10T03:56:07
7;discrete;Factors success Prairie;2020-09-10T02:33:22;2020-09-09T21:29:10;2020-09-09T20:01:41
8;Bedfordshire Garden;Steel Metal;2020-09-10T00:13:23;2020-09-09T22:04:16;2020-09-09T22:19:18
9;mint green deposit;lavender;2020-09-09T23:14:29;2020-09-09T21:12:39;2020-09-09T19:34:23
10;Gorgeous Fresh Computer sticky Bike;transform Vatu real-time;2020-09-09T19:47:53;2020-09-10T07:32:29;2020-09-10T09:51:49
